window,packet_count,mean_packet_length,max_packet_length,min_packet_length,std_packet_length,tcp_count,udp_count,sctp_count,http2_count,pfcp_count,ngap_count,icmp_count,mongo_count,initial_ue_count,uplink_nas_count,pdu_setup_req_count,pdu_setup_resp_count,ue_release_count,label,mean_interarrival_ms
0,126,103.8015873015873,308,60,69.24617000941302,102,10,6,0,8,0,0,0,0,0,0,0,0,1,32.167193024
1,34,91.3529411764706,272,44,48.129043666903016,7,12,10,0,0,0,0,0,0,0,0,0,0,1,150.4760496060606
2,108,122.47222222222223,438,60,86.5870850789489,75,10,5,0,8,0,0,0,0,0,0,0,0,1,42.511533018691594
3,52,81.26923076923077,272,44,37.60938681142463,29,13,4,0,0,0,0,0,0,0,0,0,0,1,81.81554111764704
4,699,176.8469241773963,1257,60,217.08260929275048,437,28,11,134,14,13,3,56,1,3,2,2,2,1,5.410416299426931
5,521,197.00575815738964,1170,56,238.63572968681427,293,30,11,116,6,13,3,48,1,3,2,2,2,1,8.903985523076926
6,606,185.47359735973598,1170,60,225.19710133883916,378,29,3,117,14,13,3,48,1,3,2,2,2,1,7.598610155371899
7,528,196.82007575757575,1256,56,238.68209770242672,294,33,11,117,6,13,5,48,1,3,2,2,2,1,8.263313286527513
8,601,187.0765391014975,1169,60,225.68268212319296,366,29,11,117,10,13,3,48,1,3,2,2,2,1,6.771597408333332
9,544,191.7941176470588,1170,56,234.76629078495824,310,34,4,117,10,13,5,48,1,3,2,2,2,1,7.349265998158374
10,594,188.40404040404042,1259,60,227.71229791868058,364,31,11,117,6,13,3,48,1,3,2,2,2,1,7.246073585160203
11,548,192.47992700729927,1169,60,233.6939275780521,301,33,9,117,14,13,5,56,1,3,2,2,2,1,7.867866727605118
12,593,188.36424957841484,1169,56,227.18753841028055,372,29,5,116,6,13,3,48,1,3,2,2,2,1,7.88613216891892
13,543,192.76058931860038,1256,60,236.40302882568653,298,35,11,118,14,13,5,48,1,3,2,2,2,1,8.78157924723248
14,103,118.44660194174757,315,56,75.90307157724888,79,11,9,0,0,0,0,0,0,0,0,0,0,1,39.347108117647004
15,46,116.17391304347827,272,60,70.84468755138461,11,11,2,0,8,0,0,0,0,0,0,0,0,1,86.73627455555548
16,2,65.0,69,61,4.0,0,2,0,0,0,0,0,0,0,0,0,0,0,1,0.16171999999414766
