run_id,window,packet_count,mean_packet_length,max_packet_length,min_packet_length,std_packet_length,tcp_count,udp_count,sctp_count,http2_count,pfcp_count,ngap_count,icmp_count,mongo_count,initial_ue_count,uplink_nas_count,pdu_setup_req_count,pdu_setup_resp_count,ue_release_count,mean_interarrival_ms,label
normal_01,0,61,105.9672131147541,279,60,67.56174279098032,41,12,4,0,4,0,0,0,0,0,0,0,0,79.05452778333334,0
normal_01,1,96,100.98958333333333,274,56,63.571071577353905,68,10,6,0,4,0,0,0,0,0,0,0,0,46.16375071578948,0
normal_01,2,66,106.66666666666667,293,61,66.01316061011906,44,12,10,0,0,0,0,0,0,0,0,0,0,72.96790839999998,0
normal_01,3,74,107.48648648648648,348,56,72.17850305923113,46,10,10,0,8,0,0,0,0,0,0,0,0,56.70937198630136,0
normal_01,4,652,182.01226993865032,1220,60,223.0512950366952,395,32,3,134,6,13,5,56,1,3,2,2,2,7.339039474654379,0
normal_01,5,84,103.78571428571429,325,56,68.87878784477834,55,11,10,0,8,0,0,0,0,0,0,0,0,52.9141270361446,0
normal_01,6,66,117.06060606060606,326,61,68.90438671611265,34,12,12,0,0,0,0,0,0,0,0,0,0,74.21531815384614,0
normal_01,7,72,103.375,295,60,71.52708063306434,54,11,1,0,4,0,0,0,0,0,0,0,0,61.97278599999994,0
normal_01,8,76,100.47368421052632,277,56,62.4416514339188,50,12,10,0,4,0,0,0,0,0,0,0,0,63.53052731999999,0
normal_01,9,70,109.5,295,60,69.95952911709536,44,10,10,0,4,0,0,0,0,0,0,0,0,58.35897318840579,0
normal_01,10,596,184.48825503355704,1168,56,226.2153637612912,344,31,11,118,10,13,3,56,1,3,2,2,2,8.080266954621846,0
normal_01,11,77,103.92207792207792,293,60,68.17829304430765,55,11,6,0,4,0,0,0,0,0,0,0,0,54.84383677631586,0
normal_01,12,61,106.54098360655738,274,56,67.43997301073196,37,12,8,0,4,0,0,0,0,0,0,0,0,78.8674282833334,0
normal_01,13,73,108.65753424657534,291,61,71.00283983864965,52,11,4,0,0,0,0,0,0,0,0,0,0,56.78861726388876,0
normal_01,14,20,94.6,338,60,72.04054414008823,14,2,0,0,4,0,0,0,0,0,0,0,0,34.885132789473744,0
normal_02,0,42,81.28571428571429,272,44,40.411741406890826,19,12,5,0,0,0,0,0,0,0,0,0,0,104.60934753658536,0
normal_02,1,113,109.61946902654867,303,60,71.59291488453988,85,10,10,0,8,0,0,0,0,0,0,0,0,37.365926348214295,0
normal_02,2,631,183.3851030110935,1233,56,226.3221881228549,378,30,9,134,6,13,3,56,1,3,2,2,2,7.024084220634922,0
normal_02,3,141,117.12765957446808,336,44,68.78075467506405,77,19,8,0,8,0,16,0,0,0,0,0,0,31.792711171428568,0
normal_02,4,70,113.98571428571428,277,56,39.165762328537795,5,23,9,0,0,0,20,0,0,0,0,0,0,65.41787347826086,0
normal_02,5,166,109.07831325301204,306,60,62.74474882879537,104,19,4,0,8,0,20,0,0,0,0,0,0,28.55368743030303,0
normal_02,6,70,112.31428571428572,300,56,39.10518520866614,7,22,9,0,0,0,20,0,0,0,0,0,0,66.80195324637683,0
normal_02,7,109,114.31192660550458,277,60,71.22798352875499,79,12,8,0,4,0,4,0,0,0,0,0,0,41.66653254629629,0
normal_02,8,56,79.85714285714286,272,56,32.67339927843694,31,13,8,0,4,0,0,0,0,0,0,0,0,77.17656183636359,0
normal_02,9,102,114.02941176470588,295,61,73.29559490847532,84,10,8,0,0,0,0,0,0,0,0,0,0,39.74928808910892,0
normal_02,10,38,92.52631578947368,272,60,42.848408950443975,5,11,10,0,8,0,0,0,0,0,0,0,0,110.70646529729723,0
normal_02,11,81,109.87654320987654,330,56,76.08740631928703,72,6,0,0,0,0,0,0,0,0,0,0,0,29.942324337500015,0
normal_03,0,82,114.14634146341463,293,56,74.69337678399337,66,10,6,0,0,0,0,0,0,0,0,0,0,61.72327832098766,0
normal_03,1,62,91.25806451612904,274,61,51.301114709599126,44,10,8,0,0,0,0,0,0,0,0,0,0,66.90857042622952,0
normal_03,2,95,105.25263157894737,293,44,69.66082768764254,63,10,10,0,8,0,0,0,0,0,0,0,0,44.53545031914895,0
normal_03,3,47,107.74468085106383,277,61,62.28365725508063,25,12,8,0,0,0,0,0,0,0,0,0,0,107.74499947826087,0
normal_03,4,118,101.83050847457628,277,56,65.78873545904935,87,10,7,0,8,0,0,0,0,0,0,0,0,41.13212511111113,0
normal_03,5,638,183.73667711598745,1241,60,224.88079657304732,384,31,7,136,6,13,3,56,1,3,2,2,2,6.697684981161691,0
normal_03,6,94,109.20212765957447,315,60,72.22432250586023,65,11,10,0,8,0,0,0,0,0,0,0,0,43.18855187096778,0
normal_03,7,56,98.75,316,56,61.90177991902056,37,13,6,0,0,0,0,0,0,0,0,0,0,81.21167585454546,0
normal_03,8,95,105.0421052631579,306,60,70.99620683558773,71,10,6,0,8,0,0,0,0,0,0,0,0,43.57619028723405,0
normal_03,9,48,107.16666666666667,293,56,63.344406926648944,25,12,9,0,0,0,0,0,0,0,0,0,0,99.10361202127662,0
normal_03,10,103,106.00970873786407,295,60,68.96650307589263,72,11,8,0,8,0,0,0,0,0,0,0,0,39.41435165686272,0
normal_03,11,60,94.71666666666667,275,44,58.04282662157506,35,13,8,0,0,0,0,0,0,0,0,0,0,82.22195511864409,0
normal_03,12,79,114.12658227848101,287,61,71.86949619453226,59,10,10,0,0,0,0,0,0,0,0,0,0,58.39088060256414,0
normal_03,13,69,94.53623188405797,277,56,56.952199563113176,43,10,6,0,8,0,0,0,0,0,0,0,0,64.78282875000015,0
normal_03,14,98,104.68367346938776,304,44,69.00999586554663,76,10,8,0,0,0,0,0,0,0,0,0,0,48.032532525773114,0
normal_03,15,66,100.63636363636364,295,44,57.98187709642854,27,14,7,0,8,0,4,0,0,0,0,0,0,73.95581349230767,0
normal_03,16,141,118.90070921985816,438,44,69.55821124259924,69,21,8,0,0,0,20,0,0,0,0,0,0,32.43569472857136,0
normal_03,17,108,103.38888888888889,276,44,49.20569700028597,37,21,8,0,8,0,20,0,0,0,0,0,0,44.790491317757116,0
normal_03,18,121,117.21487603305785,294,56,61.31361012832388,61,20,10,0,0,0,20,0,0,0,0,0,0,40.057136775000046,0
normal_03,19,91,105.34065934065934,278,60,50.889066979330764,33,18,8,0,8,0,16,0,0,0,0,0,0,52.86060556666664,0
normal_03,20,94,104.75531914893617,296,44,70.71288759276243,73,10,6,0,0,0,0,0,0,0,0,0,0,48.16186134408608,0
normal_03,21,54,99.87037037037037,275,60,60.56647596627971,25,12,7,0,8,0,0,0,0,0,0,0,0,84.59519767924542,0
normal_03,22,94,108.75531914893617,274,56,68.81824445289924,72,10,8,0,0,0,0,0,0,0,0,0,0,47.22509329032266,0
normal_03,23,65,102.72307692307692,306,44,64.01382247183507,33,13,12,0,0,0,0,0,0,0,0,0,0,75.57657026562504,0
normal_03,24,94,110.88297872340425,309,44,74.62086531301667,65,10,6,0,8,0,0,0,0,0,0,0,0,50.92390150537635,0
normal_03,25,47,100.72340425531915,281,61,62.827593249442764,31,12,4,0,0,0,0,0,0,0,0,0,0,99.59980682608676,0
normal_03,26,116,99.05172413793103,295,44,64.79328467060962,84,10,10,0,8,0,0,0,0,0,0,0,0,42.256492573913015,0
normal_03,27,15,122.0,285,68,78.78409314914613,15,0,0,0,0,0,0,0,0,0,0,0,0,22.686374571427287,0
abnormal_01,0,126,103.8015873015873,308,60,69.24617000941302,102,10,6,0,8,0,0,0,0,0,0,0,0,32.167193024,1
abnormal_01,1,34,91.3529411764706,272,44,48.129043666903016,7,12,10,0,0,0,0,0,0,0,0,0,0,150.4760496060606,1
abnormal_01,2,108,122.47222222222223,438,60,86.5870850789489,75,10,5,0,8,0,0,0,0,0,0,0,0,42.511533018691594,1
abnormal_01,3,52,81.26923076923077,272,44,37.60938681142463,29,13,4,0,0,0,0,0,0,0,0,0,0,81.81554111764704,1
abnormal_01,4,699,176.8469241773963,1257,60,217.08260929275048,437,28,11,134,14,13,3,56,1,3,2,2,2,5.410416299426931,1
abnormal_01,5,521,197.00575815738964,1170,56,238.63572968681427,293,30,11,116,6,13,3,48,1,3,2,2,2,8.903985523076926,1
abnormal_01,6,606,185.47359735973598,1170,60,225.19710133883916,378,29,3,117,14,13,3,48,1,3,2,2,2,7.598610155371899,1
abnormal_01,7,528,196.82007575757575,1256,56,238.68209770242672,294,33,11,117,6,13,5,48,1,3,2,2,2,8.263313286527513,1
abnormal_01,8,601,187.0765391014975,1169,60,225.68268212319296,366,29,11,117,10,13,3,48,1,3,2,2,2,6.771597408333332,1
abnormal_01,9,544,191.7941176470588,1170,56,234.76629078495824,310,34,4,117,10,13,5,48,1,3,2,2,2,7.349265998158374,1
abnormal_01,10,594,188.40404040404042,1259,60,227.71229791868058,364,31,11,117,6,13,3,48,1,3,2,2,2,7.246073585160203,1
abnormal_01,11,548,192.47992700729927,1169,60,233.6939275780521,301,33,9,117,14,13,5,56,1,3,2,2,2,7.867866727605118,1
abnormal_01,12,593,188.36424957841484,1169,56,227.18753841028055,372,29,5,116,6,13,3,48,1,3,2,2,2,7.88613216891892,1
abnormal_01,13,543,192.76058931860038,1256,60,236.40302882568653,298,35,11,118,14,13,5,48,1,3,2,2,2,8.78157924723248,1
abnormal_01,14,103,118.44660194174757,315,56,75.90307157724888,79,11,9,0,0,0,0,0,0,0,0,0,0,39.347108117647004,1
abnormal_01,15,46,116.17391304347827,272,60,70.84468755138461,11,11,2,0,8,0,0,0,0,0,0,0,0,86.73627455555548,1
abnormal_01,16,2,65.0,69,61,4.0,0,2,0,0,0,0,0,0,0,0,0,0,0,0.16171999999414766,1
abnormal_02,0,35,95.22857142857143,279,61,45.2902296081526,11,13,7,0,0,0,0,0,0,0,0,0,0,139.3541618235294,1
abnormal_02,1,128,101.046875,298,44,70.19992202797931,98,10,4,0,8,0,0,0,0,0,0,0,0,35.14734388976378,1
abnormal_02,2,32,98.71875,277,61,42.632319294609104,5,12,13,0,0,0,0,0,0,0,0,0,0,135.1235971935484,1
abnormal_02,3,377,143.06631299734747,1004,60,148.06858528200362,243,24,6,61,10,7,3,23,1,2,0,0,2,11.68401938829787,1
abnormal_02,4,356,203.89606741573033,1219,56,261.1598543710282,215,16,7,75,4,6,0,33,0,1,2,2,0,11.27376965352113,1
abnormal_02,5,605,187.35371900826448,1170,60,225.21308295501584,364,29,11,117,14,13,3,48,1,3,2,2,2,7.843658726821195,1
abnormal_02,6,536,194.11380597014926,1193,44,236.169296639226,300,31,9,116,6,13,3,52,1,3,2,2,2,7.93240216448598,1
abnormal_02,7,615,184.12357723577236,1219,60,224.64252581259817,385,28,7,117,14,13,3,48,1,3,2,2,2,6.6916508208469,1
abnormal_02,8,532,195.45488721804512,1187,56,237.1154025580168,296,35,10,117,6,13,5,48,1,3,2,2,2,7.976381617702449,1
abnormal_02,9,598,187.01170568561872,1186,60,226.0740212268515,372,31,7,118,6,13,3,48,1,3,2,2,2,7.406403222780574,1
abnormal_02,10,553,190.6763110307414,1220,56,234.03668535045392,315,29,7,118,14,13,3,52,1,3,2,2,2,8.796381873188404,1
abnormal_02,11,595,188.39159663865547,1174,60,226.8329995333193,367,29,12,115,6,13,3,48,1,3,2,2,2,6.9588389915825,1
abnormal_02,12,535,194.27850467289718,1187,56,236.7614813914227,295,36,7,117,14,13,5,48,1,3,2,2,2,8.380245814606738,1
abnormal_02,13,602,187.20099667774087,1233,60,226.53959295250394,376,29,9,116,6,13,3,48,1,3,2,2,2,7.1095195074875175,1
abnormal_02,14,10,68.2,118,60,16.94579593881621,0,5,1,0,4,0,0,0,0,0,0,0,0,220.61903788888847,1
abnormal_03,0,105,109.64761904761905,277,60,73.37730036337382,83,10,4,0,8,0,0,0,0,0,0,0,0,43.64243204807693,1
abnormal_03,1,51,80.3529411764706,272,44,35.04105353047981,25,12,10,0,0,0,0,0,0,0,0,0,0,92.24564209999998,1
abnormal_03,2,703,176.20199146514935,1238,60,216.44374272681873,443,28,9,137,14,13,3,56,1,3,2,2,2,6.074570514245015,1
abnormal_03,3,539,193.99443413729128,1191,56,235.42183740567165,302,31,13,118,6,13,3,48,1,3,2,2,2,8.648314607806693,1
abnormal_03,4,621,183.81964573268922,1188,60,222.97149215296125,381,31,7,117,14,13,3,52,1,3,2,2,2,7.706834380645159,1
abnormal_03,5,523,197.21606118546845,1251,56,239.6610600011041,294,32,8,117,6,13,3,48,1,3,2,2,2,8.30247901915709,1
abnormal_03,6,590,188.93050847457627,1188,60,227.68819800312644,367,28,9,116,6,13,3,48,1,3,2,2,2,7.154719638370113,1
abnormal_03,7,543,191.64088397790056,1170,56,235.03577162943333,306,33,9,115,14,13,3,48,1,3,2,2,2,7.7585623191882,1
abnormal_03,8,590,189.635593220339,1237,60,227.88503886063341,364,31,7,116,6,13,3,48,1,3,2,2,2,7.855624208828522,1
abnormal_03,9,54,92.83333333333333,276,44,42.699531613356136,7,19,12,0,8,0,2,0,0,0,0,0,0,82.36998767924534,1
abnormal_03,10,1115,192.2986547085202,1218,56,232.9038708298286,681,41,10,233,12,26,4,104,2,6,4,4,4,3.9048948806104176,1
abnormal_03,11,524,196.3320610687023,1256,60,239.4344091819973,290,33,6,115,14,13,3,48,1,3,2,2,2,8.055484797323144,1
abnormal_03,12,104,115.29807692307692,315,56,75.46775671764783,83,11,10,0,0,0,0,0,0,0,0,0,0,42.94772266019416,1
